Throughput,Pkt/sec
1093559.271757911,184.29743486985566
2199069.238043414,370.463146570656
2181932.768644239,367.5762750411453
