Throughput,Pkt/sec
1070266.490719987,180.35070623210075
2023604.1818682277,340.90366945219466
2071375.7636978182,348.9514426714653
1082341.278776545,182.36262694202853
