Throughput,Pkt/sec
1074224.636992098,181.033635776553
2133279.9770192443,359.3800500369347
1109794.9538949856,187.04825723738585
1031906.2970411482,174.07074350516817
1049610.9224733168,176.86232089394107
1090607.2778818856,183.7792439196231
