Throughput,Pkt/sec
236196.14025942446,400.93719994086496
173959.6398455562,285.14276423047346
