Throughput,Pkt/sec
1083394.864130436,182.63401621169
2141213.5791141842,360.71657330090704
1115377.2882683394,187.9663212468039
2176964.3881334467,366.73928371520327
1116417.8666663747,188.10269780667716
