Throughput,Pkt/sec
2251385.046,362.8162674
2308209.817,370.2984137
2371543.512,380.2807925
2432806.104,390.1640073
2332907.42,374.8207304
3199049.217,260.0116392
3586002.611,291.1232876
3754211.739,332.1275285
4064343.805,361.3437911
2640356.004,215.839193
5835218.342,568.9253697
5357990.101,485.0278148
5089636.368,444.6587136
5249064.88,476.0427251
