Throughput,Pkt/sec
1088188.3670863644,183.41065998399594
2140848.757430543,360.6551141223961
2186602.2967518237,368.3629206118302
