Throughput,Pkt/sec
1101125.0762950173,185.56727440879408
2195149.7570093456,369.8028566390407
2209007.203548407,372.13733213416566
