Throughput,Pkt/sec
1074507.228764736,181.05370408419984
2217183.331511893,373.5147121819227
1171155.15780325,197.3947326704251
998378.8702587837,168.5722546904753
1036977.5227336609,174.7267490193333
1091285.6651482855,183.86756601756068
942332.7813063626,158.74878391279694
1058598.465688983,178.37348051883026
