Throughput,Pkt/sec
1080938.484721786,182.2022501009637
2098252.0936243227,353.47912628442094
1113796.130250324,187.67747277649454
2139827.652567137,360.483095109019
1120050.0403087744,188.74150174163157
