Throughput,Pkt/sec
1103793.2043314315,186.01183618732824
2212329.359959254,372.6969946023002
2172448.888113697,365.9785862725231
