Throughput,Pkt/sec
1067459.324022895,179.93500981456964
2127624.291985108,358.4272729085424
2024115.541425731,340.98981493021074
1081952.264796589,182.30818086122946
