Throughput,Pkt/sec
2190299.905294659,178.0334694123215
2272132.884054877,184.59138573128666
