Throughput,Pkt/sec
2198689.049814979,178.5416937152195
2273230.3916960163,185.22239625907045
